﻿[
  {
    "Id": "8e56d4cd-5a0f-4b56-8630-9970cdcede63",
    "ComputerInfo": {
      "Name": "SWLAP200",
      "TotalPhysicalMemoryGB": 31.748809814453125,
      "CredUsed": null,
      "Domain": "GSWVSS",
      "PrimaryOwnerName": null
    },
    "DiskInfo": {
      "TotalFreeSpaceGB": null,
      "TotalDiskSizeGB": 953.8639712333679,
      "TotalAllocatedSpaceGB": null
    },
    "NetworkInfo": {
      "ConnectedIp": "192.168.29.222"
    },
    "OsInfo": {
      "OSArchitecture": "64-bit",
      "OsLanguages": "en-US",
      "OsType": "Windows"
    },
    "ProcessorInfo": {
      "Name": "11th Gen Intel(R) Core(TM) i5-1135G7 @ 2.40GHz",
      "NumberOfCores": 4,
      "NumberOfLogicalProcessors": 8
    },
    "LicenseInfo": {
      "LicenseStatus": null
    }
  },
  {
    "Id": "73664b40-5581-4b56-84e4-9ca627e23c2f",
    "ComputerInfo": {
      "Name": "az-pr-demo-env-vm3",
      "TotalPhysicalMemoryGB": 3.8,
      "CredUsed": "Linuxdemo",
      "Domain": null,
      "PrimaryOwnerName": null
    },
    "DiskInfo": {
      "TotalFreeSpaceGB": null,
      "TotalDiskSizeGB": 40.0,
      "TotalAllocatedSpaceGB": null
    },
    "NetworkInfo": {
      "ConnectedIp": "172.191.6.238"
    },
    "OsInfo": {
      "OSArchitecture": "x64",
      "OsLanguages": null,
      "OsType": "Linux-Password"
    },
    "ProcessorInfo": {
      "Name": null,
      "NumberOfCores": 2,
      "NumberOfLogicalProcessors": null
    },
    "LicenseInfo": null
  }
]