﻿[
  {
    "Id": "82efa821-2c45-40ff-a4a4-49dd3cb8633f",
    "Name": "hubai-Tech",
    "Username": "ubuntu",
    "Password": "k7QFkcyuUJk/oVR+nMX3xg==",
    "Domain": null,
    "IsDomain": false,
    "OsType": "Linux-PPK",
    "PpkPath": "D:\\mywork\\OneMigrate\\wwwroot\\Hub-AI_Website.ppk"
  },
  {
    "Id": "caafe675-ee4e-403b-9236-1ea3d4790e67",
    "Name": "Sathish-Laptop",
    "Username": "sathish.ramamoorthy",
    "Password": "wZheC9T1awjEA4//V2PG5Q==",
    "Domain": "GSWVSS",
    "IsDomain": true,
    "OsType": "Windows",
    "PpkPath": null
  },
  {
    "Id": "0b59219d-7b39-49fe-896f-c8f7614d5ea9",
    "Name": "Linuxdemo",
    "Username": "vmuser",
    "Password": "sewaTc+zmyB3l45I08hz1Q==",
    "Domain": null,
    "IsDomain": false,
    "OsType": "Linux-Password",
    "PpkPath": null
  },
  {
    "Id": "bacc8707-3566-4fcc-a622-97da073b161f",
    "Name": "Without",
    "Username": "RajeshKumar",
    "Password": "I5U7mUCDy4yNfoKbizO1Bw==",
    "Domain": null,
    "IsDomain": false,
    "OsType": "Windows",
    "PpkPath": null
  }
]