{
  "$schema": "https://schema.management.azure.com/schemas/2019-04-01/deploymentTemplate.json#",
  "contentVersion": "1.0.0.0",
  "parameters": {
    "location": {
      "type": "string",
      "defaultValue": "[resourceGroup().location]"
    },
    "appServicePlanName": {
      "type": "string",
      "defaultValue": "Kloudpg-appservide"
    },
    "webAppName": {
      "type": "string",
      "defaultValue": "Kloudpgwebapp"
    },
    "zipUrl": {
      "type": "string",
      "defaultValue": "https://github.com/sharecodez/OneMigrate-deployment/raw/refs/heads/master/app.zip"
    }
  },
  "resources": [
    {
      "type": "Microsoft.Web/serverfarms",
      "apiVersion": "2022-03-01",
      "name": "[parameters('appServicePlanName')]",
      "location": "[parameters('location')]",
      "sku": {
        "tier": "Free",
        "name": "F1"
      }
    },
    {
      "type": "Microsoft.Web/sites",
      "apiVersion": "2022-03-01",
      "name": "[parameters('webAppName')]",
      "location": "[parameters('location')]",
      "dependsOn": [
        "[resourceId('Microsoft.Web/serverfarms', parameters('appServicePlanName'))]"
      ],
      "properties": {
        "serverFarmId": "[resourceId('Microsoft.Web/serverfarms', parameters('appServicePlanName'))]",
        "siteConfig": {
          "appSettings": [
            {
              "name": "WEBSITE_RUN_FROM_PACKAGE",
              "value": "[parameters('zipUrl')]"
            }
          ]
        }
      }
    }
  ],
  "outputs": {
    "webAppUrl": {
      "type": "string",
      "value": "[reference(resourceId('Microsoft.Web/sites', parameters('webAppName'))).defaultHostName]"
    }
  }
}
